{
  "mode": "baseline",
  "model": "resnet18 (frozen backbone, fc head only)",
  "dataset": "COVID-19 Radiography (Kaggle: raunakgola/radiography-dataset-covid)",
  "class_names": [
    "COVID",
    "Lung_Opacity",
    "Normal",
    "Viral Pneumonia"
  ],
  "seed": 42,
  "epochs_run": 11,
  "batch_size": 128,
  "lr": 0.001,
  "augmentation": false,
  "scheduler": null,
  "early_stopping": false,
  "total_params": 11178564,
  "trainable_params": 2052,
  "train_minutes": 11.4,
  "train_loss": [
    0.7748497128486633,
    0.5383293032646179,
    0.4905541241168976,
    0.4594287574291229,
    0.4436885714530945,
    0.4267444312572479,
    0.4188574850559234,
    0.4102232158184051,
    0.4115245342254638,
    0.4027404189109802
  ],
  "train_acc": [
    0.7029598951339722,
    0.8050141334533691,
    0.8250311613082886,
    0.8328410983085632,
    0.8394697308540344,
    0.845441997051239,
    0.8470171093940735,
    0.848986029624939,
    0.8460983037948608,
    0.8521362543106079
  ],
  "val_loss": [
    0.5658206939697266,
    0.5027039051055908,
    0.4519089758396148,
    0.4288295805454254,
    0.430376648902893,
    0.4074980914592743,
    0.4048943221569061,
    0.4135051369667053,
    0.4251793026924133,
    0.41945880651474
  ],
  "val_acc": [
    0.8015357255935669,
    0.8103957176208496,
    0.8405197858810425,
    0.8422917723655701,
    0.8440638184547424,
    0.8476077914237976,
    0.8470171093940735,
    0.8422917723655701,
    0.8411104679107666,
    0.8405197858810425
  ],
  "best_val_acc": 0.8476077914237976,
  "test_acc": 0.8510035276412964,
  "test_loss": 0.4167824685573578,
  "timestamp": "2026-07-14 15:23:55"
}