{
  "mode": "finetune",
  "model": "resnet18 (all layers, differential LRs)",
  "dataset": "COVID-19 Radiography (Kaggle: raunakgola/radiography-dataset-covid)",
  "class_names": [
    "COVID",
    "Lung_Opacity",
    "Normal",
    "Viral Pneumonia"
  ],
  "seed": 42,
  "epochs_run": 12,
  "max_epochs": 20,
  "batch_size": 128,
  "lrs": {
    "layer1_2": 1e-05,
    "layer3_4": 0.0001,
    "fc": 0.001
  },
  "augmentation": true,
  "scheduler": "CosineAnnealingLR",
  "early_stopping": "val_acc, patience=5",
  "label_smoothing": 0.1,
  "total_params": 11178564,
  "trainable_params": 11178564,
  "train_minutes": 21.3,
  "train_loss": [
    0.6546866297721863,
    0.5321975946426392,
    0.5093334913253784,
    0.4922509789466858,
    0.4868564009666443,
    0.4745259881019592,
    0.4650778472423553,
    0.4557530581951141,
    0.4459594786167145,
    0.4397641718387604,
    0.4361144602298736
  ],
  "train_acc": [
    0.8510861992835999,
    0.9170440435409546,
    0.9260352849960328,
    0.9362735152244568,
    0.939751923084259,
    0.944608509540558,
    0.9486119151115416,
    0.9539279341697692,
    0.958587646484375,
    0.9614753723144532,
    0.9635754823684692
  ],
  "val_loss": [
    0.5418574213981628,
    0.524111270904541,
    0.4989187121391296,
    0.4977785348892212,
    0.4992665648460388,
    0.4955721199512481,
    0.4937500655651092,
    0.4873247742652893,
    0.4932737648487091,
    0.4822107553482055,
    0.5016106367111206
  ],
  "val_acc": [
    0.916125237941742,
    0.9267572164535522,
    0.9350265860557556,
    0.9421145915985109,
    0.9362078905105592,
    0.9432958960533142,
    0.9350265860557556,
    0.9421145915985109,
    0.9338452219963074,
    0.9432958960533142,
    0.9391612410545348
  ],
  "best_val_acc": 0.9432958960533142,
  "test_acc": 0.9383707046508789,
  "test_loss": 0.48875510692596436,
  "timestamp": "2026-07-14 16:02:13"
}